<?xml version="1.0" encoding="UTF-8"?>
<T3locallangExt>
  <data type="array">
    <languageKey index="fr" type="array">
			<label index="default_search_word_entry">Recherche de</label>
			<label index="form_atATime">à la fois</label>
			<label index="form_extResume">Résumé complet</label>
			<label index="form_freeIndexUid">Catégorie :</label>
			<label index="form_fromSection">De la section :</label>
			<label index="form_legend">Formulaire de recherche</label>
			<label index="form_match">Correspondance :</label>
			<label index="form_orderBy">Trier par :</label>
			<label index="form_searchFor">Mots-clés :</label>
			<label index="form_searchIn">Rechercher dans :</label>
			<label index="form_style">Style :</label>
			<label index="inNsection">dans %s section :</label>
			<label index="inNsections">dans %s sections :</label>
			<label index="inSection">dans la section</label>
			<label index="link_advancedSearch">Recherche avancée</label>
			<label index="link_regularSearch">Recherche simple</label>
			<label index="local_operator_AND">ET</label>
			<label index="local_operator_NOT">SAUF</label>
			<label index="local_operator_OR">OU</label>
			<label index="makerating_addToCurrentSearch">Ajouter à la recherche en cours</label>
			<label index="maketitle_matches">correspond</label>
			<label index="noResults">Aucun document ne correspond aux mots-clés recherchés.</label>
			<label index="opt_defOp_0">Tous les mots (ET)</label>
			<label index="opt_defOp_1">N'importe quel mot (OU)</label>
			<label index="opt_desc_0">Décroissant</label>
			<label index="opt_desc_1">Croissant</label>
			<label index="opt_freeIndexUid_0">Pages</label>
			<label index="opt_freeIndexUid_-1">Tous, mélangés</label>
			<label index="opt_freeIndexUid_-2">Tous, catégorisés</label>
			<label index="opt_freeIndexUid_header_0">Pages du site</label>
			<label index="opt_freeIndexUid_header_-1">Catégories mélangées</label>
			<label index="opt_group_flat">Liste plate</label>
			<label index="opt_group_sections">Hiérarchie de section</label>
			<label index="opt_lang_0">Langue par défaut</label>
			<label index="opt_lang_-1">Toutes les langues</label>
			<label index="opt_media_0">Pages internes</label>
			<label index="opt_media_-1">Tous les médias</label>
			<label index="opt_media_-2">Tout l'externe</label>
			<label index="opt_order_crdate">Date de création</label>
			<label index="opt_order_mtime">Date de modification</label>
			<label index="opt_order_rank_count">Nombre d'occurrences</label>
			<label index="opt_order_rank_first">En début de page</label>
			<label index="opt_order_rank_flag">Pertinence</label>
			<label index="opt_order_rank_freq">Fréquence</label>
			<label index="opt_order_title">Titre</label>
			<label index="opt_RL1">Niveau 1 :</label>
			<label index="opt_RL1ALL">Toutes les pages du niveau 1</label>
			<label index="opt_RL2">- Niveau 2 :</label>
			<label index="opt_RL2ALL">- Toutes les pages du niveau 2</label>
			<label index="opt_sections_0">Tout le site</label>
			<label index="opt_sections_-1">Seulement cette page</label>
			<label index="opt_sections_-2">Base + niveau 1</label>
			<label index="opt_sections_-3">Niveau 2 et suivant</label>
			<label index="opt_type_0">Mot distinct</label>
			<label index="opt_type_1">Portion d'un mot</label>
			<label index="opt_type_10">Phonétique</label>
			<label index="opt_type_2">Première partie d'un mot</label>
			<label index="opt_type_20">Phrase</label>
			<label index="opt_type_3">Dernière partie d'un mot</label>
			<label index="pi_list_browseresults_display">Résultat ###TAG_BEGIN###%s à %s###TAG_END### sur un total de ###TAG_BEGIN###%s###TAG_END###</label>
			<label index="pi_list_browseresults_next">Suivant &gt;</label>
			<label index="pi_list_browseresults_page">Page</label>
			<label index="pi_list_browseresults_prev">&lt; Précédent</label>
			<label index="pi_wizard_description"/>
			<label index="pi_wizard_title"/>
			<label index="res_created">Création :</label>
			<label index="res_memberGroups">Nécessite d'être membre des groupes numéro %s</label>
			<label index="res_modified">Modification :</label>
			<label index="res_noResume">Note : ce résultat ne reflète peut-être pas exactement le contenu de cette page. Le résumé de la page ne peut pas être affiché.</label>
			<label index="res_otherMatching">Autres pages correspondantes dans le même document :</label>
			<label index="res_otherPageAsWell">INFO : Une autre page a également été indexée... Elle a probablement été indexée par un autre groupe utilisateur ou aucun groupe utilisateur.</label>
			<label index="res_path">Chemin :</label>
			<label index="res_size">Taille :</label>
			<label index="rules_header">Règles :</label>
			<label index="rules_text">- Seuls les mots de plus de 2 caractères sont acceptés. - La taille maximum est de 200 caractères. - Les espaces sont employés pour séparer les mots, les guillemets peuvent être utilisés pour rechercher une expression exacte. - ET, OU et SAUF sont des préfixes, outrepassant l'opérateur par défaut. - +,| et - sont les opérateurs équivalents aux préfixes ET, OU et SAUF. - Les recherches ne tiennent pas compte de la casse des lettres (majuscule ou minuscule).</label>
			<label index="searchFor">Recherche de</label>
			<label index="searchFor_and">et</label>
			<label index="searchFor_butNot">mais pas</label>
			<label index="searchFor_or">ou</label>
			<label index="submit_button_label">Rechercher</label>
			<label index="unnamedSection">Autre</label>
			<label index="word_page">page</label>
			<label index="word_pages">pages</label>
		</languageKey>
  </data>
</T3locallangExt>
