<?xml version="1.0" encoding="UTF-8"?>
<T3locallangExt>
  <data type="array">
    <languageKey index="fr" type="array">
			<label index="action.add">Ajouter une tâche</label>
			<label index="action.edit">Editer une tâche</label>
			<label index="button.cancel">Annuler</label>
			<label index="function.scheduler">Tâches planifiées</label>
			<label index="function.check">Vérifier le paramétrage</label>
			<label index="function.info">Information</label>
			<label index="hdg.cliScript">Script CLI</label>
			<label index="hdg.lastRun">Dernier lancement</label>
			<label index="hdg.schedulerUser">Utilisateur backend du planificateur TYPO3</label>
			<label index="label.automatically">automatiquement</label>
			<label index="label.cachingFrameworkGarbageCollection.selectBackends">Type de backend</label>
			<label index="label.recyclerGarbageCollection.numberOfDays">Nombre de jours avant la suppression des fichiers</label>
			<label index="label.checkAll">Cocher/décocher tout</label>
			<label index="label.class">Classe</label>
			<label index="label.cron">Cron</label>
			<label index="label.defType">Définition du type</label>
			<label index="label.defType.interval">Intervalle</label>
			<label index="label.defType.cron">Commande Cron</label>
			<label index="label.description">Description</label>
			<label index="label.email">Email</label>
			<label index="label.end">Fin (HH:MM DD-MM-YYYY)</label>
			<label index="label.executeSelected">Exécuter les tâches sélectionnées</label>
			<label index="label.extension">Extension</label>
			<label index="label.frequency">Fréquence</label>
			<label index="label.frequency.long">Fréquence (en secondes ou syntaxe cron)</label>
			<label index="label.id">ID</label>
			<label index="label.lastExecution">Dernière exécution</label>
			<label index="label.manual">Manuel</label>
			<label index="label.manually">Manuellement</label>
			<label index="label.name">Nom</label>
			<label index="label.nextExecution">Prochaine exécution</label>
			<label index="label.parallel">Exécution parallèle</label>
			<label index="label.parallel.long">Autoriser les exécutions en parallèle</label>
			<label index="label.serverTime">Date du serveur</label>
			<label index="label.sleepTime">Durée du sommeil</label>
			<label index="label.start">Début (HH:MM DD-MM-YYYY)</label>
			<label index="label.fileStorageIndexing.storage">Stockage à indexer</label>
			<label index="label.fileStorageExtraction.fileCount">Nombre de fichiers par exécution</label>
			<label index="label.fileStorageExtraction.registeredExtractors"/>
			<label index="label.fileStorageExtraction.registeredExtractors.extractor"/>
			<label index="label.fileStorageExtraction.registeredExtractors.with_extractors"/>
			<label index="label.fileStorageExtraction.registeredExtractors.without_extractors"/>
			<label index="label.tableGarbageCollection.allTables">Nettoyer toutes les tables disponibles</label>
			<label index="label.tableGarbageCollection.table">Table à nettoyer</label>
			<label index="label.tableGarbageCollection.additionalInformationTable">Table : %s</label>
			<label index="label.tableGarbageCollection.additionalInformationAllTables">Toutes les tables</label>
			<label index="label.tableGarbageCollection.numberOfDays">Supprimer les entrées plus anciennes que le nombre de jours donné</label>
			<label index="label.type">Type</label>
			<label index="label.type.recurring">Récurrent</label>
			<label index="label.type.single">Unique</label>
			<label index="label.group">Groupe de tâches</label>
			<label index="msg.addError">La tâche n'a pas pu être ajoutée.</label>
			<label index="msg.addSuccess">La tâche a été ajoutée avec succès.</label>
			<label index="msg.cliScript">Le script pour exécuter le planificateur de tâches de la ligne de commande est : &lt;strong&gt;"%s scheduler"&lt;/strong&gt;.</label>
			<label index="msg.cliScriptExecutable">L'utilisateur du serveur web est autorisé à exécuter ce script.</label>
			<label index="msg.cliScriptNotExecutable">L'utilisateur du serveur web n'est pas autorisé à exécuter ce script.</label>
			<label index="msg.delete">Êtes-vous certain de vouloir supprimer cette tâche ?</label>
			<label index="msg.deleteError">La tâche n'a pas pu être supprimée.</label>
			<label index="msg.deleteSuccess">La tâche a été supprimée avec succès.</label>
			<label index="msg.endDateSmallerThanStartDate">La date de fin est avant la date de début.</label>
			<label index="msg.executed">Exécuté : %s</label>
			<label index="msg.frequencyError">Fréquence invalide. Rentrez soit un nombre de secondes ou une commande cron valide. L’analyseur du cron a retourné : %1$s [code: %2$d].</label>
			<label index="msg.incompleteLastRun">L'information à propos de la dernière exécution du planificateur est incomplète.</label>
			<label index="msg.infoScreenIntro">Ceci est la liste de toutes les tâches disponibles dans cette installation TYPO3. Cliquez sur l'icône située tout à fait à droite afin de créer une tâche planifiée du type choisi.</label>
			<label index="msg.invalidFrequency">Fréquence invalide. Veuillez entrer un nombre de secondes ou une commande cron valide.</label>
			<label index="msg.invalidSleepTime">Veuillez entrer une durée de sommeil supérieure ou égale à 0 (zéro).</label>
			<label index="msg.lastRun">Le planificateur a été démarré (%1$s) la dernière fois le %2$s à %3$s et terminé le %4$s à %5$s.</label>
			<label index="msg.maynotDeleteRunningTask">Une tâche en cours d'exécution ne peut pas être supprimée.</label>
			<label index="msg.maynotEditRunningTask">Une tâche en cours d'exécution ne peut pas être éditée.</label>
			<label index="msg.maynotStopNonRunningTask">La tâche n'est pas en cours d'exécution. Il n'y a aucune exécution à marquer.</label>
			<label index="msg.noEmail">Veuillez entrer une adresse e-mail.</label>
			<label index="msg.noFrequency">La fréquence n'a pas été définie, ni en nombre de secondes, ni comme commande cron.</label>
			<label index="msg.noLastRun">Le planificateur n'a jamais été exécuté ou l'information concernant la dernière exécution a été perdue.</label>
			<label index="msg.noTasksDefined">Il n'y a actuellement aucune classe de tâches disponible. Pour pouvoir créer une nouvelle tâche, vous devez soit activer les tâches d'exemples fournies avec le planificateur ou installer des extensions qui utilisent le planificateur.</label>
			<label index="msg.noTaskClassFound">La classe de la tâche sélectionnée n'a pas été trouvée. Veuillez contacter les développeurs de l'extension ayant ajouté cette tâche.</label>
			<label index="msg.noTasks">Aucune tâche n'est définie.</label>
			<label index="msg.notExecuted">Pas exécuté : %s</label>
			<label index="msg.executionFailed">L'exécution de la tâche "%1$s" a échoué avec le message suivant : %2$s</label>
			<label index="msg.executionFailureDefault">L'exécution a échoué, mais le message d'erreur ne peut pas être récupéré (il était probablement trop grand). Désolé.</label>
			<label index="msg.executionFailureReport">L'exécution a échoué : %1$d, %2$s</label>
			<label index="msg.noStartDate">Veuillez définir une date de lancement.</label>
			<label index="msg.invalidStartDate">La date de lancement est invalide</label>
			<label index="msg.invalidEndDate">La date d'arrêt est invalide</label>
			<label index="msg.invalidNumberOfDays">Nombre de jours invalide</label>
			<label index="msg.selectionOfNonExistingCacheBackends">Certains des caches backend sélectionnés n’existent pas. Sélectionnez un backend valide.</label>
			<label index="msg.noCacheBackendSelected">Sélectionner au moins un cache backend.</label>
			<label index="msg.invalidTaskClass">La classe %s de la tâche enregistrée n'a pas été trouvée. Veuillez réinstaller l'extension qui l'a ajoutée ou supprimer cette tâche.</label>
			<label index="msg.invalidTaskClassEdit">La classe courante (%s) n'a pas été trouvée. Veuillez la changer ci-dessous ou supprimer la tâche.</label>
			<label index="msg.schedulerSetupCheck">Cet écran vérifie si les pré-requis du planificateur sont remplis. Il montre également des informations concernant la dernière exécution du planificateur.</label>
			<label index="msg.schedulerUser">L'utilisateur backend "_cli_scheduler" est utilisé par le script CLI pour se connecter à TYPO3. Cet utiliseur n'a pas besoin d'avoir de droits administrateur. Son mot de passe n'est pas important mais doit être suffisamment complexe pour des raisons de sécurité.</label>
			<label index="msg.schedulerUserFound">L'utilisateur backend "_cli_scheduler" a été trouvé.</label>
			<label index="msg.schedulerUserFoundButDisabled">L'utilisateur backend "_cli_scheduler" existe mais est actuellement désactivé.</label>
			<label index="msg.schedulerUserMissing">L'utilisateur backend "_cli_scheduler" n'a pas été trouvé. &lt;a href="%s" title="Cliquez pour créer l'utilisateur"&gt;Créer l'utilisateur&lt;/a&gt;.</label>
			<label index="msg.serverTime">L'heure courante du serveur est : %s</label>
			<label index="msg.serverTimeHelp">Toutes les dates et les heures du planificateur sont mesurées selon l'heure du serveur, étant donné que le planificateur est exécuté uniquement du côté serveur.</label>
			<label index="msg.stop">Êtes-vous certain de vouloir marquer cette tâche comme n'étant pas en cours d'exécution ? Veuillez noter que cela ne va pas arrêter l'exécution réelle (veuillez vous référer au manuel si besoin).</label>
			<label index="msg.stopError">La tâche n'a pas pu être marquée comme n'étant pas en cours d'exécution.</label>
			<label index="msg.stopSuccess">La tâche a été marquée avec succès comme n'étant pas en cours d'exécution.</label>
			<label index="msg.taskNotFound">La tâche demandée (UID : %d) n'a pas été trouvée.</label>
			<label index="msg.updateSuccess">La tâche a été mise à jour avec succès.</label>
			<label index="msg.updateError">La tâche n'a pas pu être mise à jour.</label>
			<label index="msg.userCreated">L'utilisateur "_cli_scheduler" a été créé avec succès.</label>
			<label index="msg.userExists">L'utilisateur "_cli_scheduler" existe déjà. Il n'a pas été recréé.</label>
			<label index="msg.userNotCreated">La création de l'utilisateur "_cli_scheduler a échoué.</label>
			<label index="none">Aucun</label>
			<label index="status">Statut</label>
			<label index="status.progress">Avancement</label>
			<label index="status.legend">Légende du statut</label>
			<label index="status.legend.disabled">Désactivée, ne sera pas exécutée, sauf manuellement</label>
			<label index="status.legend.failure">Échec ! Une erreur est survenue lors de la dernière exécution (passez la souris au dessus de la puce pour avoir plus de détails)</label>
			<label index="status.legend.late">En retard, sera lancée lors de la prochaine exécution</label>
			<label index="status.legend.running">En cours d'exécution</label>
			<label index="status.legend.scheduled">Planifiée, sera lancée lors de la prochaine exécution possible</label>
			<label index="status.disabled">désactivée</label>
			<label index="status.failure">échec</label>
			<label index="status.late">en retard</label>
			<label index="status.running">en cours d'exécution</label>
			<label index="status.scheduled">planifiée</label>
			<label index="task">Tâche</label>
			<label index="title">Module d'administration du planificateur de TYPO3</label>
			<label index="action.run_task">Exécuter la tâche</label>
			<label index="cachingFrameworkGarbageCollection.description"/>
			<label index="cachingFrameworkGarbageCollection.name"/>
			<label index="fileIndexing.description"/>
			<label index="fileIndexing.name"/>
			<label index="fileStorageExtraction.description"/>
			<label index="fileStorageExtraction.name"/>
			<label index="fileStorageIndexing.description"/>
			<label index="fileStorageIndexing.name"/>
			<label index="recyclerGarbageCollection.description"/>
			<label index="recyclerGarbageCollection.name"/>
			<label index="sleepTask.description"/>
			<label index="sleepTask.name"/>
			<label index="tableGarbageCollection.description"/>
			<label index="tableGarbageCollection.name"/>
			<label index="testTask.description"/>
			<label index="testTask.name"/>
		</languageKey>
  </data>
</T3locallangExt>
