<?xml version="1.0" encoding="UTF-8"?>
<T3locallangExt>
  <data type="array">
    <languageKey index="fr" type="array">
			<label index="testTask.name">Tâche de test du planificateur</label>
			<label index="testTask.description">La tâche de test du planificateur envoie simplement un mail à une adresse mail donnée. Ceci est utilisé à des fins de test.</label>
			<label index="sleepTask.name">Tâche de sommeil du planificateur</label>
			<label index="sleepTask.description">Cette tâche ne fait que mettre PHP en sommeil pendant quelques secondes. Ceci est utilisé afin de tester des exécutions multiples.</label>
			<label index="cachingFrameworkGarbageCollection.name">Ramasse-miettes du système de cache</label>
			<label index="cachingFrameworkGarbageCollection.description">Cette tâches lance le ramasse-miettes du système de cache. Cela permettra de libérer de l'espace pour les backends qui n'ont pas de ramasse-miettes interne. Dans le cas du backend par défaut (base de données), il est conseillé de lancer cette tâches une fois par jour.</label>
			<label index="fileIndexing.name"/>
			<label index="fileIndexing.description"/>
			<label index="fileStorageIndexing.name"/>
			<label index="fileStorageIndexing.description"/>
			<label index="fileStorageExtraction.name"/>
			<label index="fileStorageExtraction.description">Extrait les méta-données pour tous les fichiers du stockage qui ont été modifiés depuis la dernière exécution.</label>
			<label index="tableGarbageCollection.name">Table de recyclage des données</label>
			<label index="tableGarbageCollection.description">Tâche pour supprimer les anciennes entrées de tables spécifiques, comme sys_log. Utilisez $GLOBALS['TYPO3_CONF_VARS']['SC_OPTIONS']['scheduler']['tasks']['tx_scheduler_TableGarbageCollection']['options']['tables'] pour configurer les tables. Consultez le manuel pour plus de détails.</label>
			<label index="recyclerGarbageCollection.name">Dossier fileadmin de recyclage des données</label>
			<label index="recyclerGarbageCollection.description">Cette tâche vide toutes les dossiers "_recycler_" sous fileadmin. Cela permet de libérer de l'espace dans le système de fichiers.</label>
		</languageKey>
  </data>
</T3locallangExt>
