<?xml version="1.0" encoding="UTF-8"?>
<T3locallangExt>
  <data type="array">
    <languageKey index="fr" type="array">
			<label index="allowPreviewOfWholeWorkspace">Autoriser les aperçus pour tous les espaces de travail</label>
			<label index="approveAllToPublish">Autoriser tous les élements à être publiés.</label>
			<label index="approveForPublishing">Approuver pour publication</label>
			<label index="approveToPublish">Autoriser %s élement(s) à être publié(s).</label>
			<label index="archive">Archive</label>
			<label index="autopublishTask.description">Ces tâches vérifient, pour chaque espace de travail, la date de publication des contenus. Le contenu est automatiquement publié si la date est déjà passée.</label>
			<label index="autopublishTask.name">Auto-publication de l'espace de travail</label>
			<label index="branch">[Branche]</label>
			<label index="change">changement:</label>
			<label index="clickAPage_content">Merci de cliquer sur une page dans l'arborescence afin de gérer les différentes versions de la page</label>
			<label index="clickAPage_header">Web&gt;Module de gestion de version</label>
			<label index="cmdPid0">Page: Page + contenu</label>
			<label index="cmdPid1">Elément: seulement les données</label>
			<label index="cmdPid100">Branch: Toutes les sous-pages</label>
			<label index="coloredDiffView"/>
			<label index="comment">Commentaires :</label>
			<label index="commentForPublisher">Commentaire pour l'éditeur</label>
			<label index="commentForReviewer">Commentaire pour le relecteur:</label>
			<label index="completeMatch">Correspondance complète sur les champs éditables.</label>
			<label index="controls">Options:</label>
			<label index="createNewVersion">Créer une nouvelle version</label>
			<label index="currentOnlineVersion">VERSION COURANTE EN LIGNE!</label>
			<label index="defaultDraft">[Brouillon par défaut]</label>
			<label index="deletedElement">Élément supprimé</label>
			<label index="diff">Comparaison de version</label>
			<label index="diffing">Comparaison de version</label>
			<label index="diffToLiveElement">Différence avec l'élément en ligne:</label>
			<label index="draft">Brouillon</label>
			<label index="draftWorkspaces">Espace de travail Brouillon</label>
			<label index="editing">Edition</label>
			<label index="element">[Elément]</label>
			<label index="errorDiffSources">ERREUR: Vous n'avez pas sélectionné deux sources pour pouvoir les comparer</label>
			<label index="errorRecordsNotFound">ERREUR: Les enregistrements ne peuvent pas être trouvés!</label>
			<label index="errors">Erreurs :</label>
			<label index="fieldname">Nom du champ</label>
			<label index="filter_all">Tous</label>
			<label index="filter_archive">Archive</label>
			<label index="filter_drafts">Brouillons</label>
			<label index="goBack">Cliquez ici pour revenir en arrière</label>
			<label index="lifecycle">Cycle de vie</label>
			<label index="live">EN DIRECT</label>
			<label index="liveVersion">Version en cours:</label>
			<label index="liveWorkspace">[Espace de travail en direct]</label>
			<label index="mlang_labels_tabdescr">Le module Web &gt; Versionnement propose l'accès à des fonctionnalités de versionnement pour l'arborescence des pages.</label>
			<label index="mlang_labels_tablabel">Outil de gestion de version et d'espace de travail pour les pages.</label>
			<label index="mlang_tabs_tab">Gestion de version</label>
			<label index="moveToPlaceholder">Déplacer dans votre espace réservé (but)</label>
			<label index="moveToPointer"/>
			<label index="multipleVersions">Nombreuses versions dans le même espace de travail !</label>
			<label index="newElement">Nouvel élément</label>
			<label index="notAvailable">N/A</label>
			<label index="offline">[Hors ligne]</label>
			<label index="otherVersions">Autre(s) version(s) dans l'espace de travail</label>
			<label index="page">[Page]</label>
			<label index="previewInstruction">Vous pouvez obtenir un aperçu de la page dans votre espace de travail en utilisant ce lien pour les prochaines %s heures (ne requiert pas de connexion au back-office)</label>
			<label index="previewLink">Lien de prévisualisation</label>
			<label index="previewUrl">Url de prévisualisation:</label>
			<label index="publish">Publier</label>
			<label index="publishedXTimes">Publié %s fois</label>
			<label index="publishPage">Publier la page</label>
			<label index="publishPageQuestion">Êtes-vous sûr de vouloir publier tous les contenus %s provenant de cette page ?</label>
			<label index="publishPageQuestionStage">en état "Publié"</label>
			<label index="recordsMatchesCompletely">Les enregistrements correspondent exactement sur tous les champs éditables !</label>
			<label index="refresh">Actualiser</label>
			<label index="rejected">Rejeté</label>
			<label index="rejectExplain">Merci d'expliquer pourquoi vous avez rejeté:</label>
			<label index="removeFromWorkspace">Supprimer de l'espace de travail</label>
			<label index="resetStage">État de réinitialisation</label>
			<label index="review">Relecture</label>
			<label index="sendAllToReview">Envoyer tout en relecture</label>
			<label index="sendItemsToReview">Envoi de %s élément(s) pour relecture.</label>
			<label index="sendToReview">Envoyer en relecture</label>
			<label index="showAllInformation">Afficher toutes les informations</label>
			<label index="showDiffView">Voir les différentes vues</label>
			<label index="showLog">Voir les log</label>
			<label index="stage.approvedForPublish">approuver pour "Publication"</label>
			<label index="stage.rejectedElement">élément rejeté!</label>
			<label index="stage.resetToEdit">Réinitialiser en "Edition"</label>
			<label index="stage.sentToReview">Envoyer ces éléments en "Relecture"</label>
			<label index="stage.undefined">[indéfini]</label>
			<label index="subElements">[Sous-éléments]</label>
			<label index="subElementsClick">[Sous-éléments, cliquez pour plus de détails]</label>
			<label index="swap">Echanger</label>
			<label index="swapPage">Changer la page</label>
			<label index="swapPageQuestion">Êtes-vous sûr de vouloir échanger tous les contenus %s provenant de cette page ?</label>
			<label index="swapWithCurrent">Echanger avec la version courante</label>
			<label index="tblHeaderDesc_pid">ID de la page</label>
			<label index="tblHeaderDesc_t3ver_count">t3ver_count - Compteur des cycles de vie. Incrémenté chaque fois qu'un élément n'est pas publié.</label>
			<label index="tblHeaderDesc_t3ver_id">t3ver_id - Numéro de version, entier incrémental</label>
			<label index="tblHeaderDesc_t3ver_label">Etiquette</label>
			<label index="tblHeaderDesc_t3ver_oid">t3ver_oid - Référence de l'UID de la version en ligne</label>
			<label index="tblHeaderDesc_t3ver_stage">t3ver_stage - État de publication : Édité (0), relecture (1), publié (10), rejeté (-1).</label>
			<label index="tblHeaderDesc_t3ver_state">t3ver_state - États particuliers d'une version : 1 = espace réservé pour « Nouveau ». 2 = Marqué comme supprimé.</label>
			<label index="tblHeaderDesc_t3ver_wsid">t3ver_wsid - ID de l'espace de travail. Il ne peut y avoir qu'une seule version d'un élément par ID (excepté pour l'ID zéro).</label>
			<label index="tblHeaderDesc_title">En-tête de l'élément</label>
			<label index="tblHeaderDesc_uid">ID unique de l'élément</label>
			<label index="tblHeader_pid">pid</label>
			<label index="tblHeader_t3ver_count">nombre</label>
			<label index="tblHeader_t3ver_id">id</label>
			<label index="tblHeader_t3ver_label">Libellé</label>
			<label index="tblHeader_t3ver_oid">oid</label>
			<label index="tblHeader_t3ver_stage">état</label>
			<label index="tblHeader_t3ver_state">état</label>
			<label index="tblHeader_t3ver_wsid">wsid</label>
			<label index="tblHeader_title">Titre</label>
			<label index="tblHeader_uid">UID</label>
			<label index="title">Versionnage</label>
			<label index="title_review">Envoyer en relecture/publication</label>
			<label index="undefined">Non défini</label>
			<label index="userComment">Commentaire utilisateur</label>
			<label index="versionDetails">Détails de la version</label>
			<label index="versionId">ID :</label>
			<label index="versionInVersion">Version à l'intérieur d'une version !</label>
			<label index="versionSelect.inBranch">Dans cette branche, pas d'autre version possible</label>
			<label index="versionSelect.label">Versions de cette page:</label>
			<label index="versionSelect.live">version EN DIRECT</label>
			<label index="versionSelect.publish">Publier la page</label>
			<label index="versionSelect.versionsFound">Versions non trouvés sur cette page, pas de gestion de version possible</label>
			<label index="workspace">Espace de travail</label>
			<label index="workspaceId">ID de l'espace de travail :</label>
			<label index="wsManagement">Gestion des espaces de travail</label>
			<label index="wsVersions">Versions de l'espace de travail:</label>
		</languageKey>
  </data>
</T3locallangExt>
